No,Name,Type1,Type2,Height,Weight,Legendary
1,Bulbasaur,Grass,Poison,0.7,6.9,0
2,Ivysaur,Grass,Poison,1,13,0
3,Venusaur,Grass,Poison,2,100,0
4,Charmander,Fire,,0.6,8.5,0
5,Charmeleon,Fire,,1.1,19,0
6,Charizard,Fire,Flying,1.7,90.5,0
7,Squirtle,Water,,0.5,9,0
8,Wartortle,Water,,1,22.5,0
9,Blastoise,Water,,1.6,85.5,0
10,Caterpie,Bug,,0.3,2.9,0
11,Metapod,Bug,,0.7,9.9,0
12,Butterfree,Bug,Flying,1.1,32,0
13,Weedle,Bug,Poison,0.3,3.2,0
14,Kakuna,Bug,Poison,0.6,10,0
15,Beedrill,Bug,Poison,1,29.5,0
16,Pidgey,Normal,Flying,0.3,1.8,0
17,Pidgeotto,Normal,Flying,1.1,30,0
18,Pidgeot,Normal,Flying,1.5,39.5,0
19,Rattata,Normal,,0.3,3.5,0
20,Raticate,Normal,,0.7,18.5,0
21,Spearow,Normal,Flying,0.3,2,0
22,Fearow,Normal,Flying,1.2,38,0
23,Ekans,Poison,,2,6.9,0
24,Arbok,Poison,,3.5,65,0
25,Pikachu,Electric,,0.4,6,0
26,Raichu,Electric,,0.8,30,0
27,Sandshrew,Ground,,0.6,12,0
28,Sandslash,Ground,,1,29.5,0
29,Nidoran,Poison,,0.4,7,0
30,Nidorina,Poison,,0.8,20,0
31,Nidoqueen,Poison,Ground,1.3,60,0
32,Nidoran,Poison,,0.5,9,0
33,Nidorino,Poison,,0.9,19.5,0
34,Nidoking,Poison,Ground,1.4,62,0
35,Clefairy,Fairy,,0.6,7.5,0
36,Clefable,Fairy,,1.3,40,0
37,Vulpix,Fire,,0.6,9.9,0
38,Ninetales,Fire,,1.1,19.9,0
39,Jigglypuff,Normal,Fairy,0.5,5.5,0
40,Wigglytuff,Normal,Fairy,1,12,0
41,Zubat,Poison,Flying,0.8,7.5,0
42,Golbat,Poison,Flying,1.6,55,0
43,Oddish,Grass,Poison,0.5,5.4,0
44,Gloom,Grass,Poison,0.8,8.6,0
45,Vileplume,Grass,Poison,1.2,18.6,0
46,Paras,Bug,Grass,0.3,5.4,0
47,Parasect,Bug,Grass,1,29.5,0
48,Venonat,Bug,Poison,1,30,0
49,Venomoth,Bug,Poison,1.5,12.5,0
50,Diglett,Ground,,0.2,0.8,0
51,Dugtrio,Ground,,0.7,33.3,0
52,Meowth,Normal,,0.4,4.2,0
53,Persian,Normal,,1,32,0
54,Psyduck,Water,,0.8,19.6,0
55,Golduck,Water,,1.7,76.6,0
56,Mankey,Fighting,,0.5,28,0
57,Primeape,Fighting,,1,32,0
58,Growlithe,Fire,,0.7,19,0
59,Arcanine,Fire,,1.9,155,0
60,Poliwag,Water,,0.6,12.4,0
61,Poliwhirl,Water,,1,20,0
62,Poliwrath,Water,Fighting,1.3,54,0
63,Abra,Psychic,,0.9,19.5,0
64,Kadabra,Psychic,,1.3,56.5,0
65,Alakazam,Psychic,,1.5,48,0
66,Machop,Fighting,,0.8,19.5,0
67,Machoke,Fighting,,1.5,70.5,0
68,Machamp,Fighting,,1.6,130,0
69,Bellsprout,Grass,Poison,0.7,4,0
70,Weepinbell,Grass,Poison,1,6.4,0
71,Victreebel,Grass,Poison,1.7,15.5,0
72,Tentacool,Water,Poison,0.9,45.5,0
73,Tentacruel,Water,Poison,1.6,55,0
74,Geodude,Rock,Ground,0.4,20,0
75,Graveler,Rock,Ground,1,105,0
76,Golem,Rock,Ground,1.4,300,0
77,Ponyta,Fire,,1,30,0
78,Rapidash,Fire,,1.7,95,0
79,Slowpoke,Water,Psychic,1.2,36,0
80,Slowbro,Water,Psychic,1.6,78.5,0
81,Magnemite,Electric,Steel,0.3,6,0
82,Magneton,Electric,Steel,1,60,0
83,Farfetch'd,Normal,Flying,0.8,15,0
84,Doduo,Normal,Flying,1.4,39.2,0
85,Dodrio,Normal,Flying,1.8,85.2,0
86,Seel,Water,,1.1,90,0
87,Dewgong,Water,Ice,1.7,120,0
88,Grimer,Poison,,0.9,30,0
89,Muk,Poison,,1.2,30,0
90,Shellder,Water,,0.3,4,0
91,Cloyster,Water,Ice,1.5,132.5,0
92,Gastly,Ghost,Poison,1.3,0.1,0
93,Haunter,Ghost,Poison,1.6,0.